Rider_Code,Rider_Name,Experience_Years,Vehicle_Type,Employment_Type,Average_Speed_kmph,Rider_Rating,Status
R001,Aarav Sharma,4.7,Bike,Full-Time,30.0,3.5,Off-Duty
R002,Aman Singh,1.7,Car,Full-Time,33.1,4.3,Off-Duty
R003,Arjun Meena,5.7,Scooter,Full-Time,36.9,4.1,Off-Duty
R004,Aditya Patel,6.1,Scooter,Full-Time,20.7,4.5,Available
R005,Akash Gupta,0.5,Bike,Full-Time,28.6,4.5,Available
R006,Ankit Yadav,1.1,Bike,Full-Time,30.2,4.3,Available
R007,Ayush Mishra,4.3,Bike,Full-Time,32.2,4.6,Available
R008,Dev Verma,3.3,Car,Full-Time,32.5,4.4,Available
R009,Dhruv Kumar,4.0,Bike,Full-Time,24.0,4.5,Available
R010,Harsh Jain,2.1,Bike,Full-Time,32.3,4.1,Available
R011,Karan Sharma,5.9,Bike,Full-Time,37.9,4.2,Available
R012,Kunal Singh,5.7,Scooter,Part-Time,24.9,4.4,Available
R013,Manish Meena,4.1,Bike,Full-Time,34.5,4.6,Available
R014,Mohit Patel,6.5,Scooter,Part-Time,29.7,4.2,Available
R015,Nikhil Gupta,5.0,Scooter,Full-Time,30.8,4.5,Off-Duty
R016,Pankaj Yadav,2.1,Scooter,Full-Time,26.8,4.2,Available
R017,Rahul Mishra,4.8,Bike,Part-Time,29.7,4.3,Available
R018,Ravi Verma,1.9,Scooter,Full-Time,34.7,4.6,Off-Duty
R019,Rohan Kumar,5.9,Scooter,Full-Time,33.3,3.6,Available
R020,Sachin Jain,3.9,Scooter,Full-Time,37.9,3.8,Off-Duty
R021,Sahil Sharma,3.6,Bike,Full-Time,35.7,3.8,Available
R022,Sameer Singh,2.5,Bike,Part-Time,32.8,3.5,Available
R023,Sanjay Meena,6.7,Bike,Full-Time,38.0,4.1,Available
R024,Shubham Patel,3.7,Bike,Part-Time,32.8,4.6,Available
R025,Sumit Gupta,3.1,Bike,Full-Time,34.3,4.2,Available
R026,Vikas Yadav,3.2,Bike,Full-Time,29.8,4.4,Available
R027,Vivek Mishra,5.2,Bike,Full-Time,31.3,4.7,Available
R028,Varun Verma,4.8,Scooter,Full-Time,28.2,4.8,Available
R029,Yash Kumar,4.9,Bike,Full-Time,35.0,4.3,Available
R030,Abhishek Jain,4.9,Car,Full-Time,29.3,4.8,Available
R031,Aarav Sharma,8.7,Scooter,Part-Time,34.1,4.3,Available
R032,Aman Singh,3.1,Bike,Full-Time,30.2,4.0,Off-Duty
R033,Arjun Meena,2.9,Scooter,Part-Time,35.7,4.1,Available
R034,Aditya Patel,2.2,Bike,Part-Time,34.0,3.8,Off-Duty
R035,Akash Gupta,5.4,Car,Full-Time,41.3,4.0,Available
R036,Ankit Yadav,6.5,Bike,Part-Time,33.9,4.2,Off-Duty
R037,Ayush Mishra,3.7,Scooter,Full-Time,24.7,4.6,Available
R038,Dev Verma,2.2,Bike,Full-Time,30.7,4.9,Available
R039,Dhruv Kumar,2.2,Bike,Part-Time,26.3,3.8,Off-Duty
R040,Harsh Jain,5.4,Bike,Part-Time,28.9,4.4,Available
R041,Karan Sharma,5.6,Car,Full-Time,40.0,3.9,Available
R042,Kunal Singh,5.2,Scooter,Full-Time,33.6,4.5,Available
R043,Manish Meena,2.5,Bike,Full-Time,28.2,4.3,Off-Duty
R044,Mohit Patel,4.5,Bike,Part-Time,26.9,3.7,Available
R045,Nikhil Gupta,4.3,Bike,Full-Time,31.1,4.6,Off-Duty
R046,Pankaj Yadav,4.5,Scooter,Full-Time,26.1,4.1,Available
R047,Rahul Mishra,5.9,Bike,Full-Time,28.3,4.1,Available
R048,Ravi Verma,4.5,Bike,Full-Time,32.2,3.9,Available
R049,Rohan Kumar,5.5,Scooter,Full-Time,35.6,4.1,Available
R050,Sachin Jain,4.1,Scooter,Part-Time,33.4,4.4,Available
R051,Sahil Sharma,4.6,Bike,Full-Time,21.8,4.2,Off-Duty
R052,Sameer Singh,5.4,Scooter,Full-Time,32.2,4.4,Available
R053,Sanjay Meena,0.8,Bike,Full-Time,29.8,4.4,Available
R054,Shubham Patel,3.3,Scooter,Part-Time,32.7,4.8,Available
R055,Sumit Gupta,3.0,Bike,Part-Time,37.5,4.2,Available
R056,Vikas Yadav,2.6,Scooter,Full-Time,22.7,3.8,Available
R057,Vivek Mishra,3.4,Scooter,Full-Time,28.6,4.7,Available
R058,Varun Verma,7.3,Scooter,Full-Time,33.4,4.2,Off-Duty
R059,Yash Kumar,2.1,Bike,Full-Time,24.7,4.7,Off-Duty
R060,Abhishek Jain,6.1,Car,Part-Time,39.9,4.4,Off-Duty
R061,Aarav Sharma,0.5,Bike,Full-Time,31.0,4.3,Off-Duty
R062,Aman Singh,3.3,Bike,Full-Time,34.4,4.4,Available
R063,Arjun Meena,4.4,Scooter,Part-Time,28.7,5.0,Available
R064,Aditya Patel,5.3,Bike,Full-Time,34.3,5.0,Off-Duty
R065,Akash Gupta,5.6,Scooter,Full-Time,35.3,4.3,Off-Duty
R066,Ankit Yadav,5.7,Scooter,Full-Time,31.9,4.4,Off-Duty
R067,Ayush Mishra,3.2,Bike,Full-Time,31.9,4.7,Available
R068,Dev Verma,3.0,Car,Full-Time,35.1,4.0,Available
R069,Dhruv Kumar,5.9,Bike,Full-Time,27.5,4.4,Available
R070,Harsh Jain,3.6,Bike,Full-Time,30.4,4.3,Available
R071,Karan Sharma,1.2,Bike,Full-Time,28.9,4.4,Off-Duty
R072,Kunal Singh,1.5,Car,Full-Time,34.0,4.0,Available
R073,Manish Meena,2.0,Bike,Full-Time,35.0,3.7,Available
R074,Mohit Patel,5.1,Bike,Full-Time,26.8,3.6,Available
R075,Nikhil Gupta,4.3,Bike,Full-Time,30.5,3.9,Off-Duty
R076,Pankaj Yadav,5.5,Car,Full-Time,39.9,4.1,Off-Duty
R077,Rahul Mishra,3.1,Scooter,Part-Time,28.0,4.2,Available
R078,Ravi Verma,4.3,Scooter,Part-Time,27.7,5.0,Available
R079,Rohan Kumar,5.4,Scooter,Full-Time,31.8,4.7,Available
R080,Sachin Jain,3.3,Scooter,Full-Time,34.4,4.0,Available
R081,Sahil Sharma,5.0,Bike,Full-Time,31.0,4.4,Off-Duty
R082,Sameer Singh,2.5,Bike,Full-Time,36.3,4.2,Available
R083,Sanjay Meena,3.2,Scooter,Full-Time,34.4,4.2,Available
R084,Shubham Patel,3.2,Scooter,Full-Time,34.4,4.4,Available
R085,Sumit Gupta,1.4,Bike,Full-Time,31.7,4.5,Available
R086,Vikas Yadav,5.1,Bike,Full-Time,40.3,4.2,Off-Duty
R087,Vivek Mishra,3.0,Scooter,Full-Time,30.2,4.7,Off-Duty
R088,Varun Verma,4.0,Bike,Full-Time,23.0,3.9,Available
R089,Yash Kumar,5.1,Car,Part-Time,40.4,4.3,Available
R090,Abhishek Jain,5.0,Bike,Full-Time,29.2,5.0,Available
R091,Aarav Sharma,5.5,Bike,Part-Time,31.4,4.4,Available
R092,Aman Singh,3.8,Scooter,Full-Time,36.2,4.8,Available
R093,Arjun Meena,3.1,Bike,Part-Time,24.6,4.3,Available
R094,Aditya Patel,3.8,Bike,Part-Time,26.0,4.5,Available
R095,Akash Gupta,0.5,Scooter,Part-Time,23.1,4.3,Off-Duty
R096,Ankit Yadav,0.8,Scooter,Part-Time,26.3,4.2,Available
R097,Ayush Mishra,1.1,Bike,Part-Time,31.3,4.0,Available
R098,Dev Verma,1.8,Bike,Full-Time,31.6,4.5,Available
R099,Dhruv Kumar,4.9,Scooter,Part-Time,32.1,4.0,Available
R100,Harsh Jain,2.0,Car,Full-Time,28.3,4.5,Available
